<?xml version="1.0" encoding="UTF-8" standalone="yes"?>
<assessmentTest xmlns="http://www.imsglobal.org/xsd/imsqti_v2p1"
xmlns:xsi="http://www.w3.org/2001/XMLSchema-instance"
xsi:schemaLocation="http://www.imsglobal.org/xsd/imsqti_v2p1 imsqti_v2p1.xsd"
toolVersion="0.1" toolName="Uniqurate" title="Tutorial: Find the percentage in a given range from a frequency table" identifier="TutorialFindthepercentageinagio1b98">
    <outcomeDeclaration baseType="float" cardinality="single" identifier="TEST_total">
        <defaultValue>
            <value>0.0</value>
        </defaultValue>
    </outcomeDeclaration>
    <outcomeDeclaration baseType="float" cardinality="single" identifier="Sectionyrfkdtotal">
        <defaultValue>
            <value>0.0</value>
        </defaultValue>
    </outcomeDeclaration>
    <!-- SECTION-TOTALS -->
    <outcomeDeclaration baseType="identifier" cardinality="multiple" identifier="TEST_FEEDBACK"/>
    <testPart submissionMode="individual" navigationMode="nonlinear" identifier="TP">
        <assessmentSection identifier="Sectionyrfkd" visible="true" title="Section 1">
            <selection  withReplacement="true"  select="5"/>
            <rubricBlock view="candidate">
                <div>This tutorial gives 5 examples of the same randomised question. You can try the tutorial as many times as you like. The Hint and Solution are available, and you can check and change your answers. The score does not count towards your assessment.</div>
            </rubricBlock>
            <assessmentItemRef identifier="Findthepercentageinagivenrangelwqvs" href="uqteststatsfreqtabpercentziphpkkpr/Test05-0111769-Stats001-freqTabPercent.xml"/>
        </assessmentSection>
        <!-- SECTIONS -->
    </testPart>
    <outcomeProcessing>
        <setOutcomeValue identifier="Sectionyrfkdtotal">
            <sum>
                <testVariables sectionIdentifier="Sectionyrfkd" baseType="float" variableIdentifier="SCORE"/>
            </sum>
        </setOutcomeValue>
        <setOutcomeValue identifier="TEST_total">
            <sum>
                <testVariables baseType="float" variableIdentifier="SCORE"/>
            </sum>
        </setOutcomeValue>
        <setOutcomeValue identifier="TEST_FEEDBACK">
            <multiple>
                <baseValue baseType="identifier">TEST_FB</baseValue>
            </multiple>
        </setOutcomeValue>
    </outcomeProcessing>
    <!-- TESTFEEDBACK -->
    <testFeedback identifier="TEST_FB" showHide="show" outcomeIdentifier="TEST_FEEDBACK" access="atEnd">
        <div>You have reached the end of the test. Your total score was <printedVariable format="%.1f" identifier="TEST_total"/> out of 10.0. </div>
    </testFeedback>
</assessmentTest>