<?xml version="1.0" encoding="UTF-8" standalone="yes"?>
<assessmentTest xmlns="http://www.imsglobal.org/xsd/imsqti_v2p1"
xmlns:xsi="http://www.w3.org/2001/XMLSchema-instance"
xsi:schemaLocation="http://www.imsglobal.org/xsd/imsqti_v2p1 imsqti_v2p1.xsd"
toolVersion="0.1" toolName="Uniqurate" title="Tutorial: Construct a frequency table" identifier="TutorialConstructafrequencytabl3p6b">
    <outcomeDeclaration baseType="float" cardinality="single" identifier="TEST_total">
        <defaultValue>
            <value>0.0</value>
        </defaultValue>
    </outcomeDeclaration>
    <outcomeDeclaration baseType="float" cardinality="single" identifier="Sectionik47ltotal">
        <defaultValue>
            <value>0.0</value>
        </defaultValue>
    </outcomeDeclaration>
    <!-- SECTION-TOTALS -->
    <outcomeDeclaration baseType="identifier" cardinality="multiple" identifier="TEST_FEEDBACK"/>
    <testPart submissionMode="individual" navigationMode="nonlinear" identifier="TP">
        <assessmentSection identifier="Sectionik47l" visible="true" title="Section 1">
            <selection  withReplacement="true"  select="5"/>
            <rubricBlock view="candidate">
                <div>This tutorial gives 5 examples of the same randomised question. You can 
try the tutorial as many times as you like. The Hint and Solution are 
available, and you can check and change your answers. The score does not
 count towards your assessment.</div>
            </rubricBlock>
            <assessmentItemRef identifier="Constructafrequencytabletos2p" href="uqteststatsmakefreqtabzipdsbbwf/Test05-0111546-Stats001-makeFreqTab.xml"/>
        </assessmentSection>
        <!-- SECTIONS -->
    </testPart>
    <outcomeProcessing>
        <setOutcomeValue identifier="Sectionik47ltotal">
            <sum>
                <testVariables sectionIdentifier="Sectionik47l" baseType="float" variableIdentifier="SCORE"/>
            </sum>
        </setOutcomeValue>
        <setOutcomeValue identifier="TEST_total">
            <sum>
                <testVariables baseType="float" variableIdentifier="SCORE"/>
            </sum>
        </setOutcomeValue>
        <setOutcomeValue identifier="TEST_FEEDBACK">
            <multiple>
                <baseValue baseType="identifier">TEST_FB</baseValue>
            </multiple>
        </setOutcomeValue>
    </outcomeProcessing>
    <!-- TESTFEEDBACK -->
    <testFeedback identifier="TEST_FB" showHide="show" outcomeIdentifier="TEST_FEEDBACK" access="atEnd">
        <div>You have reached the end of the test. Your total score was <printedVariable format="%.1f" identifier="TEST_total"/> out of 15.0. </div>
    </testFeedback>
</assessmentTest>