<?xml version="1.0" encoding="UTF-8"?>
<manifest xmlns="http://www.imsglobal.org/xsd/imscp_v1p1" xmlns:imsmd="http://www.imsglobal.org/xsd/imsmd_v1p2"
          xmlns:imsqti="http://www.imsglobal.org/xsd/imsqti_v2p1"
          xmlns:xsi="http://www.w3.org/2001/XMLSchema-instance"
          identifier="qticp"
          xsi:schemaLocation="http://www.imsglobal.org/xsd/imscp_v1p1 http://www.imsglobal.org/xsd/imscp_v1p2.xsd  http://www.imsglobal.org/xsd/imsmd_v1p2 http://www.imsglobal.org/xsd/imsmd_v1p2p4.xsd http://www.imsglobal.org/xsd/imsqti_v2p1 http://www.imsglobal.org/xsd/imsqti_v2p1.xsd">
    <!-- metadata -->
    <organizations/>
    <resources>
        <resource href="assessment.xml" identifier="qti" type="imsqti_test_xmlv2p1">
            <file href="assessment.xml"/>
            <dependency identifierref="TestStatsfreqTabMeanzipho1la"/>
        </resource>
        <resource href="uqteststatsfreqtabmeanzipimpgha/Test05-0111767-Stats001-freqTabMean.xml"
                identifier="TestStatsfreqTabMeanzipho1la"
                type="imsqti_item_xmlv2p1">
            <file href="uqteststatsfreqtabmeanzipimpgha/Test05-0111767-Stats001-freqTabMean.xml"/>
            <file href="uqteststatsfreqtabmeanzipimpgha/images/styles.css"/>
            <file href="uqteststatsfreqtabmeanzipimpgha/imsmanifest.xml"/>
        <file href="imsmanifest.xml"/>
      </resource>
    </resources>
</manifest>